"","updown","sma.10","RSI","fastK","fastD","larry.williams","ad","cci","mom","macd","wma"
"26",1,63866,47.6279507303909,0.664335664335664,0.486158084339902,0.335664335664336,-1620,39.2452912762103,-1400,-0.0944493186211037,64014.5454545455
"27",-1,63906,47.4820646161079,0.657342657342657,0.527098961644416,0.342657342657343,-2320,40.3700450653817,400,-0.0913217283475487,64038.9090909091
"28",-1,63896,43.7588706239045,0.482517482517482,0.550557321466412,0.517482517482518,-2820,28.7588570927926,-100,-0.150163811936566,63965.0909090909
"29",-1,63760,40.2519162072089,0.307692307692308,0.525128205128205,0.692307692307692,-3680,25.7776024199379,-1360,-0.257096802812518,63802.1818181818
"32",1,63752,46.38217767533,0.262626262626263,0.453209013209013,0.737373737373737,-3160,-56.2388591800382,-460,-0.375275396044106,63459.2727272727
"33",-1,63556,41.8001566502332,0.0133333333333333,0.36787567987568,0.986666666666667,-3660,-98.266403335528,-1960,-0.415941509632711,63326.1818181818
"34",1,63416,42.8046433441223,0.0980392156862745,0.305558389323095,0.901960784313726,-3580,-78.3610755441741,-1400,-0.433108323098197,63243.2727272727
"35",-1,63266,37.42229778846,0,0.248588692353398,1,-4180,-123.4262125903,-1500,-0.51723904696428,63076.7272727273
"37",-1,62904,32.3936064766798,0,0.116420860185566,1,-4780,6.38837480293364,-2100,-0.694323954033094,62716.7272727273
"38",-1,62654,26.466198259749,0,0.0681691119338179,1,-5680,-3.73093503140117,-2500,-0.8927946486597,62370.5454545455
"40",1,62342,39.7699442648462,0.349206349206349,0.0723205160852221,0.650793650793651,-4800,9.33908045977004,-1120,-1.03051947650962,61965.4545454545
"41",-1,62132,32.4953464119769,0,0.0723205160852221,1,-5780,5.27327017608053,-2100,-1.13768100407052,61703.2727272727
"42",-1,61832,30.1215354778095,0,0.0460578898225958,1,-6160,-1.71031296506108,-3000,-1.25836677990482,61410.1818181818
"43",1,61650,38.9839462821403,0.263565891472868,0.0710811456365493,0.736434108527132,-4960,4.07817338110759,-1820,-1.25172058704645,61295.2727272727
"44",-1,61340,31.2201614265708,0,0.0612772240679218,1,-6160,-4.49332707397249,-3100,-1.38779026205678,60995.2727272727
"45",1,61178,40.8229985752353,0.352,0.0964772240679218,0.648,-2980,-4.86364133590285,-1620,-1.3654324267116,60911.6363636364
"46",-1,60728,27.0763708505277,0,0.0964772240679218,1,-5860,-14.8256978763192,-4500,-1.70816622854161,60333.8181818182
"47",-1,60306,25.9956657644869,0,0.0964772240679218,1,-6180,-39.5903854207515,-4220,-2.00319531549649,59779.6363636364
"48",-1,59826,21.5712047703628,0,0.0964772240679218,1,-7660,-44.8008340743924,-4800,-2.41198937752006,59033.0909090909
"49",1,59416,28.0102830858826,0.123239436619718,0.108801167729894,0.876760563380282,-6960,-31.2218552987091,-4100,-2.61694153688733,58501.0909090909
"50",-1,58888,26.956403908195,0.08,0.0818805328092588,0.92,-7260,-30.461848871829,-5280,-2.79166095176611,57989.0909090909
"51",1,58596,38.7374468821696,0.356,0.117480532809259,0.644,-5880,-6.16995747799847,-2920,-2.71285601611556,57824
"52",-1,58300,36.7339139175928,0.272,0.144680532809259,0.728,-6300,-8.23185619830856,-2960,-2.67799432415863,57635.6363636364
"53",1,57990,41.0868258542002,0.405982905982906,0.158922234260263,0.594017094017094,-5760,4.3569122331996,-3100,-2.54769617323307,57599.2727272727
"54",1,57840,44.2441768703819,0.491452991452991,0.208067533405562,0.508547008547009,-5260,15.4234920210842,-1500,-2.36247801294124,57692
"55",-1,57552,41.1790117961245,0.782608695652174,0.251128402970779,0.217391304347826,-5760,11.5759690924498,-2880,-2.25859406701198,57721.0909090909
"56",-1,57416,34.0498381215772,0.191304347826087,0.270258837753388,0.808695652173913,-7120,-73.3716772889785,-1360,-2.33766553613398,57555.2727272727
"57",1,57348,37.2452788163425,0.347826086956522,0.30504144644904,0.652173913043478,-6760,-65.5693397118835,-680,-2.3251905995831,57479.6363636364
"58",-1,57328,32.4000376297094,0,0.30504144644904,1,-7760,-90.6524987547728,-200,-2.42768015847976,57234.5454545455
"60",-1,57128,29.991633946119,0,0.284717502787068,1,-8260,-121.948938557934,-1100,-2.56805167431127,56677.0909090909
"61",-1,56850,28.5755558780642,0,0.249117502787068,1,-8560,-118.100362887487,-2780,-2.64995641553357,56326.5454545455
"62",1,56742,41.6389584168157,0.387878787878788,0.260705381574947,0.612121212121212,-7280,-72.6150147524846,-1080,-2.50625644341129,56259.2727272727
"63",1,56602,43.6086232887889,0.454545454545455,0.265561636431202,0.545454545454545,-7060,-24.7072448848256,-1400,-2.33452140510602,56251.6363636364
"64",1,56600,56.7353701386317,1,0.316416337285903,0,-5280,57.5509655012205,-20,-1.92431198414981,56593.0909090909
"65",1,56700,59.7747435896227,1,0.338155467720685,0,-4760,158.962623951186,1000,-1.50884931402909,57029.4545454545
"66",1,57088,67.2476742511491,1,0.419025032938077,0,-3240,230.969300078961,3880,-0.956657577949527,57724
"68",-1,57840,62.3550851354995,0.902255639097744,0.574467988152199,0.0977443609022556,-3760,84.0037080588064,4000,-0.235914529495063,58813.4545454545
"70",-1,58558,50.7774918340783,0.654135338345865,0.73010708589656,0.345864661654135,-5080,57.6815608523462,3180,-0.02155494048387,59286.1818181818
"71",1,58938,53.1219859935644,0.623762376237624,0.792483323520322,0.376237623762376,-4760,57.1264576158544,3800,0.0171143377507788,59366.5454545455
"72",1,59290,59.7746127933258,0.863874345549738,0.840082879287417,0.136125654450262,-3760,71.8455508297892,3520,0.182686021397793,59559.6363636364
"74",-1,59596,45.6868304002406,0,0.76913813775444,1,-5520,45.2596152433024,-240,0.168165488986927,59437.8181818182
"75",1,59530,46.4831027084504,0.043859649122807,0.673524102666721,0.956140350877193,-5420,41.9943820224722,-660,0.0685865221916826,59209.4545454545
"76",1,59460,56.8790484933458,0.692982456140351,0.642822348280756,0.307017543859649,-3940,55.22467620406,-700,0.190099774324404,59262.1818181818
"77",1,59408,57.9820502815961,1,0.642822348280756,0,-2940,55.8547538551277,-520,0.307155333885145,59360.3636363636
"78",1,59578,66.8738997168718,1,0.652596784370981,0,-1240,83.1969740574765,1700,0.623316939795848,59777.0909090909
"79",1,59778,68.1936766596686,1,0.662371220461207,0,880,74.7745181809551,2000,0.901995975144931,60217.4545454545
"80",1,60270,74.2687024937996,1,0.696957686626621,0,2480,97.4663628472222,4920,1.31971581810217,60912.3636363636
"81",-1,60658,67.7943251751793,0.865671641791045,0.721148613181963,0.134328358208955,1760,86.4546917485156,3880,1.53342497426119,61386.9090909091
"82",1,60958,68.305978450201,0.888059701492537,0.723567148776243,0.111940298507463,1880,83.8658757033378,3000,1.69700104190671,61812.7272727273
"86",-1,62472,62.5042249015658,0.705555555555556,0.907454800053688,0.294444444444444,1020,64.77428334119,2720,1.83106682854013,62792.7272727273
"87",-1,62724,62.2488011929103,0.431578947368421,0.85061269479053,0.568421052631579,240,65.6410256410251,2520,1.75942643071099,62801.4545454545
"89",-1,62822,57.0665229121646,0,0.68311269479053,1,-300,39.0939910840601,160,1.55752562417224,62646.9090909091
"90",1,62762,64.6881036568888,1,0.68311269479053,0,540,54.1570668714613,-600,1.54923945893088,62679.2727272727
"92",1,62814,68.0250870805988,1,0.707739560462172,0,1740,52.7675187679524,400,1.53881103540832,62836.3636363636
"93",1,62944,74.1355744893121,1,0.718933590312918,0,2640,96.3211723401002,1300,1.64634619505186,63106.5454545455
"94",-1,62956,57.9910736782639,0.448598130841121,0.675200247503494,0.551401869158878,1260,55.0326595689956,120,1.56095255906632,63138.5454545455
"95",1,62986,59.4864358954593,0.532710280373832,0.644344291413893,0.467289719626168,1440,76.6990291262132,300,1.49898010259248,63201.0909090909
"96",1,63134,65.0204088502787,0.869158878504673,0.660704623708805,0.130841121495327,2460,96.6823606700968,1480,1.52435268744204,63389.0909090909
"97",1,63358,69.7405437875497,1,0.717546728971963,0,5040,133.254716981132,2240,1.61962922104686,63684.7272727273
"98",-1,63366,48.5103616679235,0.169230769230769,0.70196980589504,0.830769230769231,2880,-33.4388712992286,80,1.40271501840428,63546.9090909091
"99",1,63538,57.107657394176,0.592592592592593,0.761229065154299,0.407407407407407,4640,27.2688257238133,1720,1.37841558683962,63640.3636363636
"100",-1,63468,46.4665453232617,0,0.661229065154299,1,2980,-60.8434521477994,-700,1.1441417827263,63415.2727272727
"101",1,63468,50.9643733388935,0.284552845528455,0.589684349707144,0.715447154471545,3680,-68.6472454571675,0,1.03606801825242,63330.1818181818
"102",-1,63368,47.1884434036245,0.040650406504065,0.493749390357551,0.959349593495935,3080,-123.747509886123,-1000,0.863685480224552,63136
"104",1,63118,48.1372072234469,0.0894308943089431,0.36189770735474,0.910569105691057,3200,-87.5244176215052,-600,0.612256588417392,62840.3636363636
"105",-1,63002,45.2753323927958,0,0.308626679317357,1,2820,-132.278620083498,-1160,0.473539616986351,62662.5454545455
"106",-1,62800,44.1996344159391,0,0.221710791466889,1,2680,-138.330286410725,-2020,0.341571446881184,62480.3636363636
"107",-1,62494,41.8331689118191,0,0.121710791466889,1,2380,-147.972249383061,-3060,0.195916750877845,62280.3636363636
"108",-1,62334,36.7341587725367,0,0.104787714543812,1,1680,-194.831013916502,-1600,-0.010203988498847,62008.7272727273
"109",-1,61956,31.2863487591099,0,0.045528455284553,1,780,-233.62416550995,-3780,-0.287862626865176,61602.5454545455
"110",-1,61586,24.5453125295021,0,0.045528455284553,1,-720,-274.593279610765,-3700,-0.697669092976716,60992.3636363636
"111",1,61186,29.0733248869982,0.102040816326531,0.0272772523643606,0.897959183673469,280,-220.265574204859,-4000,-0.96153965661544,60522.1818181818
"112",-1,60766,25.6524463584421,0,0.0232122117139541,1,-520,-191.510966693746,-4200,-1.26420295162233,59979.2727272727
"113",1,60424,34.0580145736828,0.180555555555556,0.0372027266191031,0.819444444444444,260,-139.2289420793,-3420,-1.38646173516506,59654.5454545455
"114",-1,60054,33.2024488428342,0.157360406091371,0.0439956777973459,0.842639593908629,100,-117.363977680516,-3700,-1.48871920276061,59362.9090909091
"115",1,59790,40.2860817049918,0.342105263157895,0.0782062041131353,0.657894736842105,780,-80.2875732990602,-2640,-1.46255902930937,59262.1818181818
"116",1,59590,45.0471489381252,0.514285714285714,0.129634775541707,0.485714285714286,1280,-43.5074177478512,-2000,-1.35926603041884,59300.3636363636
"117",-1,59414,44.5732974541584,0.621428571428571,0.191777632684564,0.378571428571429,1220,-42.3961039883007,-1760,-1.27084130948654,59364
"118",-1,59306,44.4003169169702,0.905263157894737,0.282303948474038,0.0947368421052632,1200,-38.6441668492953,-1080,-1.18977468182919,59456
"119",1,59296,45.3430427556038,1,0.382303948474038,0,1320,-31.6567446366357,-100,-1.10211039348992,59582.1818181818
"121",-1,59516,43.0881497983737,0.888888888888889,0.560988755730273,0.111111111111111,1120,-30.8213126493868,800,-0.972190766620773,59776.3636363636
"122",1,59694,45.7842778610867,0.983050847457627,0.659293840476036,0.0169491525423729,2080,-34.1764621412601,1780,-0.899087924040853,59860.7272727273
"123",1,59796,46.0995208373979,1,0.741238284920481,0,2300,-11.7125110913936,1020,-0.828914885836696,59916.3636363636
"124",-1,59894,43.3019256458479,0.6,0.785502244311344,0.4,2100,-13.3163337583231,980,-0.79108295456074,59917.0909090909
"125",1,59934,45.1511247840358,0.5,0.801291717995554,0.5,2980,-21.6610004856734,400,-0.739163858734759,59918.1818181818
"127",1,59960,52.7596947845136,1,0.837720289424125,0,3380,45.1505608435652,360,-0.590569461531842,59980.3636363636
"128",1,60068,62.7950286994454,1,0.847193973634652,0,5140,49.6409311880706,1080,-0.412981098124843,60169.4545454545
"132",-1,60394,43.4856514137943,0.2,0.78,0.8,4180,37.9513191110957,60,-0.115468672116936,60560
"133",1,60484,56.7296265616312,0.916666666666667,0.771666666666667,0.0833333333333333,5060,44.8428399687197,900,-0.0428238997488228,60652
"134",1,60604,58.001240084384,1,0.811666666666667,0,6040,44.1805640443553,1200,0.0276992609937965,60745.8181818182
"136",-1,60822,57.5834031762086,0.979166666666667,0.909583333333333,0.0208333333333333,6020,41.2773874101356,1080,0.12194104332155,60866.1818181818
"137",-1,60788,40.8908348020321,0,0.809583333333333,1,5000,29.0137754480069,-340,0.0172013772309576,60709.4545454545
"138",1,60694,42.7002405002422,0.0961538461538462,0.719198717948718,0.903846153846154,5100,31.2264205699692,-940,-0.0519927878651627,60577.0909090909
"139",1,60650,51.0284636249518,0.576923076923077,0.676891025641026,0.423076923076923,5640,36.6509458589305,-440,-0.039721703701201,60552.7272727273
"140",1,60610,51.6530835169073,0.615384615384615,0.638429487179487,0.384615384615385,6240,36.6257040895901,-400,-0.0243828905575505,60543.6363636364
"141",-1,60512,42.8480899763687,0.0576923076923077,0.544198717948718,0.942307692307692,5660,30.585187310364,-980,-0.0885772058365375,60436.3636363636
"142",1,60584,53.9711468959554,0.769230769230769,0.601121794871795,0.230769230769231,6500,37.0196677840886,720,-0.0402601894996968,60481.4545454545
"144",-1,60476,43.9759764725063,0.0961538461538462,0.49599358974359,0.903846153846154,5800,32.2191169620751,-940,-0.0642367483696504,60420.7272727273
"147",-1,60196,31.9261080118525,0,0.32038084464555,1,4760,30.4235079531478,-940,-0.31345750543571,60055.6363636364
"148",-1,60088,31.5565854486884,0,0.310765460030166,1,4700,29.9161285775473,-1080,-0.444704515031336,59834.5454545455
"149",-1,59894,28.2830217869764,0,0.253073152337858,1,4340,25.9456845943007,-1940,-0.590907612290081,59567.6363636364
"150",-1,59638,23.8534222428473,0,0.191534690799397,1,3760,26.6827664503259,-2560,-0.776981351405326,59230.5454545455
"151",1,59486,33.0882420641454,0.169117647058824,0.202677224736048,0.830882352941177,4220,30.6602220495464,-1520,-0.853062597685295,59023.6363636364
"152",-1,59240,31.2569632408974,0.0955882352941176,0.135312971342383,0.904411764705882,4020,30.2285019449901,-2460,-0.930292315795789,58808
"153",1,59004,33.3075811361177,0.178217821782178,0.0762116765975239,0.821782178217822,5420,28.583549875378,-2360,-0.967161052373877,58655.2727272727
"154",-1,58748,25.6547271160713,0,0.0665962919821393,1,4520,28.7753659610966,-2560,-1.10714095863519,58381.8181818182
"155",-1,58286,16.1927327607259,0,0.0567923704135118,1,2460,16.1595554780089,-4620,-1.4859370810423,57780.3636363636
"156",-1,57818,16.0017369104858,0,0.0442923704135118,1,1960,12.9778253172527,-4680,-1.77793923937426,57252
"157",-1,57438,15.4613829454065,0,0.0442923704135118,1,1800,13.0434337470693,-3800,-2.0118682821326,56779.6363636364
"158",1,57066,16.2469967483107,0.0117647058823529,0.0454688410017471,0.988235294117647,2060,19.6830722828055,-3720,-2.16952825353174,56383.6363636364
"159",1,56922,44.0013132442119,0.597560975609756,0.105224938562723,0.402439024390244,3980,29.9309940954186,-1440,-2.00226380275602,56404.3636363636
"160",1,56918,51.6106991378343,0.847560975609756,0.189981036123698,0.152439024390244,4800,39.569740133319,-40,-1.73422354953449,56600.3636363636
"162",1,56968,61.7765943194785,1,0.350931831536203,0,6120,48.5828262433892,1000,-1.12716955689361,57239.2727272727
"163",-1,57022,58.0257123368499,0.911764705882353,0.42428651994622,0.0882352941176471,5760,50.2623339674029,540,-0.868914772217833,57597.8181818182
"164",-1,57106,52.1608194707176,0.764705882352941,0.500757108181515,0.235294117647059,5160,41.9751134128623,840,-0.73939366705208,57837.4545454545
"165",1,57460,57.2784909292414,0.92156862745098,0.592913970926613,0.0784313725490196,5800,57.4241563624182,3540,-0.541574710292314,58178.1818181818
"166",-1,57714,47.8570382761523,0.661764705882353,0.659090441514848,0.338235294117647,4740,19.883744237322,2540,-0.525953960353975,58261.8181818182
"167",1,57992,48.5664758679383,0.678217821782178,0.726912223693066,0.321782178217822,4840,45.6397718011409,2780,-0.496761564429649,58313.8181818182
"168",1,58324,53.6468242282457,0.660377358490566,0.791773488953887,0.339622641509434,5420,62.4711494076012,3320,-0.388622667255301,58420.7272727273
"169",-1,58456,52.8468322096983,0.420289855072464,0.774046376900158,0.579710144927536,5340,57.3402417962002,1320,-0.31046512674624,58452.7272727273
"172",1,58526,58.1919146099462,1,0.685926866705876,0,6700,50.583499840732,-300,-0.0797121689408709,58540.3636363636
"173",-1,58482,51.6824653900838,0.537037037037037,0.648454099821344,0.462962962962963,5800,51.998501484107,-440,-0.0590533751756994,58535.6363636364
"174",-1,58350,37.7823181803247,0,0.57198351158605,1,4120,33.2164552761063,-1320,-0.244653968743991,58269.8181818182
"175",1,58332,54.2318993459447,0.898989898989899,0.569725638739942,0.101010101010101,5900,44.948235213722,-180,-0.143710790358353,58351.6363636364
"176",1,58440,55.6943056482011,1,0.603549168151707,0,8260,38.7614989469803,1080,-0.0357381498967246,58473.0909090909
"181",-1,58722,54.2271394502684,0.94949494949495,0.838552188552188,0.0505050505050505,8160,35.809839374637,400,0.215900031587579,58841.0909090909
"182",1,58722,55.5288207195765,1,0.838552188552188,0,8660,40.3943263221707,0,0.237454937803028,58891.6363636364
"183",-1,58722,47.9528464965969,0.747474747474748,0.859595959595959,0.252525252525253,8160,36.2534981306244,0,0.183718260073729,58851.2727272727
"184",1,58920,54.8041894607798,1,0.959595959595959,0,9660,37.2557048492409,1980,0.20743796631828,58901.8181818182
"185",-1,58850,43.3826468041011,0,0.869696969696969,1,8760,36.6099282669055,-700,0.101375739850806,58752.7272727273
"186",1,58820,50.954110644761,0.666666666666667,0.836363636363636,0.333333333333333,9360,37.5554666819022,-300,0.0986700037316712,58725.4545454545
"187",1,58820,54.3459632312038,1,0.836363636363636,0,9660,40.7263639938603,0,0.13619887467724,58758.1818181818
"188",-1,58818,54.0689829911398,0.977777777777778,0.834141414141414,0.0222222222222222,9640,39.8830865406866,-20,0.161297803577876,58787.2727272727
"189",-1,58808,52.8713617912282,0.888888888888889,0.823030303030303,0.111111111111111,9560,40.3672689598798,-100,0.168241921132073,58802.1818181818
"190",1,58802,53.4442528837189,0.933333333333333,0.816363636363636,0.0666666666666667,10000,39.1689384081028,-60,0.177182563122313,58826.1818181818
"191",1,58822,55.8305611336127,1,0.821414141414141,0,11100,37.7830270900577,200,0.203851347998474,58880.3636363636
"192",1,58922,66.5473333962027,1,0.821414141414141,0,12000,56.360085323157,1000,0.344183508205842,59094.5454545455
"193",-1,59060,64.2382888527136,0.936842105263158,0.840350877192982,0.0631578947368421,11880,48.4325361146077,1380,0.433614589731968,59268.7272727273
"194",-1,59116,58.2497366167645,0.768421052631579,0.81719298245614,0.231578947368421,11560,45.1779761103885,560,0.4553851413998,59359.6363636364
"195",-1,59206,49.3111553055345,0.230769230769231,0.840269905533063,0.769230769230769,11000,36.7232904546337,900,0.391732056039329,59338.5454545455
"196",1,59248,51.0978616864084,0.2,0.793603238866396,0.8,11120,39.1279043739086,420,0.353582604072078,59322.9090909091
"197",-1,59258,50.7664833479032,0.181818181818182,0.711785057048215,0.818181818181818,10540,42.3514255808336,100,0.316969130658995,59296
"200",-1,59296,48.6045571884045,0,0.465061214852674,1,10440,21.2022367194745,60,0.21735324817389,59183.6363636364
"202",1,59188,49.1393562125034,0.0227272727272727,0.267333942125401,0.977272727272727,10460,88.4934756820826,-980,0.159353443894994,59081.4545454545
"203",-1,59100,48.5777129560278,0,0.173649731599086,1,10440,2.04635437518817,-880,0.135137553825948,59047.2727272727
"205",1,59084,59.8956555110641,1,0.173730703259005,0,10840,62.3382002692266,400,0.15125612780742,59093.8181818182
"206",1,59172,70.6588643293281,1,0.253730703259005,0,11440,185.677371723871,880,0.259047127953194,59260.3636363636
"207",-1,59164,47.5158056252342,0.02,0.237548885077187,0.98,10460,-32.4974171128075,-80,0.208433068361402,59232.7272727273
"208",1,59172,50.4593283423618,0.18,0.237367066895368,0.82,10620,-1.38026224983531,80,0.187960989707325,59235.6363636364
"209",-1,59166,47.8502415022437,0.04,0.226272727272727,0.96,10480,-30.1283995551575,-60,0.150911795508324,59211.6363636364
"210",1,59246,60.2481289857291,0.8,0.306272727272727,0.2,11240,161.472571532704,800,0.222547863843947,59326.9090909091
"211",-1,59150,37.3812865415343,0,0.306272727272727,1,9480,-199.722366822839,-960,0.0389264600791472,59107.6363636364
"212",-1,58758,21.9314866235247,0,0.304,1,6540,-535.093309057845,-3920,-0.505199562828873,58371.2727272727
"213",1,58438,29.6261260609406,0.142857142857143,0.318285714285714,0.857142857142857,7240,-293.122185995983,-3200,-0.834016814504002,57833.4545454545
"214",1,58388,50.5249491165405,0.693877551020408,0.387673469387755,0.306122448979592,9940,-34.8006019563639,-500,-0.712839541011212,57844.7272727273
"216",1,58196,53.5523279926978,0.825531914893617,0.339614415979157,0.174468085106383,10420,50.0721500721475,-1020,-0.456380208018647,57989.0909090909
"218",1,58174,53.6980695361548,0.829787234042553,0.485146330872774,0.170212765957447,10920,6.54532083103157,-180,-0.226512641154553,58278.5454545455
"219",-1,58168,53.511507150576,0.825531914893617,0.563699522362136,0.174468085106383,9940,-11.6617003274154,-60,-0.144779799675154,58425.0909090909
"220",-1,57952,42.5152991541369,0.651282051282051,0.548827727490341,0.348717948717949,8600,-104.271712179461,-2160,-0.261732108289658,58329.0909090909
"221",-1,57858,38.9330133373903,0.512820512820513,0.600109778772392,0.487179487179487,8060,-131.368829679303,-940,-0.424557816287308,58174.1818181818
"222",1,58148,47.1754733449326,0.6875,0.668859778772392,0.3125,9060,-71.5952421603821,2900,-0.424381893845205,58200
"223",-1,58318,43.5472340754574,0.210526315789474,0.675626696065625,0.789473684210526,8560,-74.9093838099113,1700,-0.488039799857931,58082.1818181818
"224",-1,58178,40.7606735384036,0,0.606238940963584,1,8160,-89.9743570592812,-1400,-0.587569043355096,57860.7272727273
"225",1,58176,52.4293927106029,0.726315789473684,0.609482764808912,0.273684210526316,9840,-26.5495659196474,-20,-0.469211307549611,57915.6363636364
"226",-1,57966,41.8179545216383,0,0.52692957331955,1,8240,-61.0092571104436,-2100,-0.5912731931493,57680
"227",1,57768,42.7829901189127,0.0566037735849057,0.450036759188679,0.943396226415094,8360,-79.7614515924401,-1980,-0.664058969965853,57504.3636363636
"228",1,57648,49.0436343459285,0.438095238095238,0.410867559593948,0.561904761904762,9160,-30.0491955856949,-1200,-0.603203552240295,57510.1818181818
"229",-1,57528,48.8950216172167,0.5625,0.384564368104586,0.4375,8940,-4.83984134484731,-1200,-0.551408165691303,57534.1818181818
"230",-1,57514,46.6940210057262,0.3875,0.358186162976381,0.6125,8660,-48.9208633093538,-140,-0.543223637388457,57529.0909090909
"232",1,57508,47.1138902695174,0.4125,0.31815411169433,0.5875,8700,-29.1865337378994,-460,-0.50927444354123,57524
"233",1,57658,59.9177432874893,1,0.397101480115382,0,10160,78.709868323714,1500,-0.285095648118727,57795.2727272727
"234",-1,57838,58.8337411013148,0.952830188679245,0.492384498983307,0.0471698113207547,10060,93.2924753149447,1800,-0.120359881759413,58021.0909090909
"235",-1,57650,40.2326424998061,0,0.419752920035938,1,7680,-53.6721596478584,-1880,-0.306617841791201,57796
"236",1,57742,49.4902407328353,0.5,0.469752920035938,0.5,8880,-0.521648408974246,920,-0.283825207883304,57823.2727272727
"237",-1,57752,44.9750111401406,0.208333333333333,0.484925876010781,0.791666666666667,8180,-93.4378586953886,100,-0.35941273649519,57706.5454545455
"238",1,57872,56.8483042821988,1,0.541116352201257,0,10080,129.210042865887,1200,-0.152302547873695,57933.4545454545
"239",1,58044,59.4093155847274,1,0.584866352201257,0,10580,240.086909288426,1720,0.0799393268239745,58229.4545454545
"244",-1,58700,53.9835330236768,0.827586206896552,0.753591954022988,0.172413793103448,10080,47.6164423532844,100,0.559562247279621,59127.2727272727
"245",-1,58890,49.0101557091415,0.583333333333333,0.811925287356321,0.416666666666667,9580,44.6797191279411,1900,0.472683266276475,59090.9090909091
"246",1,59010,53.745005729431,0.791666666666667,0.841091954022988,0.208333333333333,11360,43.8083389717062,1200,0.46710820218554,59110.9090909091
"247",-1,59024,39.4261801893574,0,0.820258620689655,1,9600,37.362277735355,140,0.218182623708763,58789.0909090909
"248",-1,58834,38.5191559268029,0,0.720258620689655,1,9460,36.8312263004287,-1900,0.000958234041958939,58439.2727272727
"249",1,58604,39.6215718053051,0.0416666666666667,0.624425287356321,0.958333333333333,9560,37.38596951415,-2300,-0.156089576328555,58142.1818181818
"250",1,58454,47.9221140188035,0.375,0.561925287356321,0.625,10560,39.9486647370433,-1500,-0.1678732779541,58032.3636363636
"251",1,58394,55.5590328431944,0.75,0.536925287356321,0.25,11560,44.4417798513157,-600,-0.0518378748694315,58113.4545454545
"252",-1,58160,42.2497838796313,0.025,0.439425287356321,0.975,9820,36.7968673305773,-2340,-0.198855611433579,57889.0909090909
"253",-1,57910,41.2404145162688,0,0.339425287356321,1,9660,36.745406824147,-2500,-0.334156952594267,57678.1818181818
"254",-1,57704,40.8339378233762,0,0.256666666666666,1,9600,36.3753058246568,-2060,-0.445018007481124,57501.8181818182
"255",-1,57514,38.4479357765335,0,0.198333333333333,1,9220,35.9393133949132,-1900,-0.574196953663453,57301.0909090909
"256",1,57308,42.2005242368132,0.147826086956522,0.133949275362318,0.852173913043478,9560,36.8492075715239,-2060,-0.622183256512232,57196.7272727273
"257",-1,57276,42.0330347189873,0.139130434782609,0.147862318840579,0.860869565217391,9480,37.1342422941908,-320,-0.655661710067945,57126.1818181818
"258",-1,57254,41.66555410415,0.121739130434783,0.160036231884058,0.878260869565217,9440,35.4137679719075,-220,-0.680146352624666,57054.1818181818
"259",-1,57220,41.4641612450714,0.11304347826087,0.167173913043478,0.88695652173913,9420,38.7021283675122,-340,-0.694510488397448,56982.5454545455
"260",1,57120,43.5850441369565,0.173913043478261,0.147065217391304,0.826086956521739,10300,34.6614091676477,-1000,-0.678461003292896,56942.5454545455
"261",-1,56810,32.4035826160762,0,0.0720652173913039,1,9100,25.8281179452193,-3100,-0.8257949359192,56702.5454545455
"262",1,56744,42.0409159690171,0.583333333333333,0.127898550724637,0.416666666666667,9800,19.2069625239146,-660,-0.834460150250294,56646.1818181818
"263",-1,56654,38.5511965764764,0.25,0.152898550724637,0.75,9400,-103.445805573466,-900,-0.888009357499708,56529.0909090909
"264",1,56580,39.9361307819726,0.333333333333333,0.186231884057971,0.666666666666667,9500,-106.494152774324,-740,-0.906116514051725,56446.5454545455
"265",1,56580,45.4048686670308,0.666666666666667,0.252898550724637,0.333333333333333,9920,-69.9518549985864,0,-0.853905500559682,56450.1818181818
"266",-1,56540,44.7261588138287,0.616666666666667,0.299782608695652,0.383333333333333,9860,-62.6511444800667,-400,-0.811736358746462,56442.9090909091
"267",1,56506,45.3314791785222,0.65,0.350869565217391,0.35,10440,-72.1661054994432,-340,-0.763853617086063,56450.1818181818
"268",-1,56430,39.7667833222493,0.266666666666667,0.365362318840579,0.733333333333333,9960,-81.5236837035251,-760,-0.782443050858483,56380
"269",-1,56354,39.532347592586,0.25,0.379057971014492,0.75,9560,-86.8845676458472,-760,-0.791077881231528,56320
"270",1,56272,41.0762200512615,0.475,0.409166666666666,0.525,9720,-91.3525498891386,-820,-0.777668055060221,56288.3636363636
"271",1,56314,41.9003380744617,0.24,0.433166666666666,0.76,9760,-61.4714424007788,420,-0.75272859975789,56278.9090909091
"272",-1,56284,41.5772786845799,0.2,0.394833333333333,0.8,9740,-77.2231938651996,-300,-0.727493065605889,56258.1818181818
"273",-1,56274,38.2964688131459,0,0.369833333333333,1,9440,-99.6291959406766,-100,-0.727783258337167,56206.5454545455
"274",1,56320,52.1430226356229,1,0.4365,0,10100,30.6122448979519,460,-0.626387887277757,56276.7272727273
"275",1,56332,53.203758990758,1,0.469833333333333,0,10420,64.0920295809314,120,-0.53132234049037,56349.4545454545
"276",-1,56348,52.7705573373438,0.972222222222222,0.505388888888888,0.0277777777777778,10340,104.216118458227,160,-0.45360924119161,56416.3636363636
"277",1,56364,53.6099404059809,1,0.540388888888888,0,10400,117.64705882352,160,-0.381906252163255,56487.6363636364
"279",-1,56484,51.9017524852218,0.918918918918919,0.680614114114114,0.0810810810810811,10340,96.7274833478032,580,-0.278752076926925,56602.1818181818
"280",1,56586,63.1947588604944,1,0.733114114114114,0,10860,193.411714860707,1020,-0.168931054259491,56732.3636363636
"281",1,56714,68.0095366888773,1,0.809114114114114,0,11160,245.51971326164,1280,-0.0388988304487969,56898.5454545455
"282",-1,56774,50.7853326408535,0.533333333333333,0.842447447447447,0.466666666666667,10460,125.227963525831,600,-0.034991881199975,56914.1818181818
"284",1,56986,67.771832658958,1,0.859114114114114,0,11640,233.379455755415,1320,0.137016563248138,57123.6363636364
"285",1,57214,75.7956138619214,1,0.859114114114114,0,12660,284.071761324207,2280,0.409354838236187,57489.8181818182
"286",1,57484,78.164400269474,1,0.861891891891892,0,13060,265.564738292007,2700,0.672232916349103,57887.2727272727
"288",1,58054,80.4126571963115,1,0.861891891891892,0,13440,196.0006105938,3040,1.06438076755038,58604.7272727273
"289",1,58382,81.4195504521177,1,0.87,0,13620,167.475197762335,3280,1.22853292550424,58951.2727272727
"290",-1,58550,60.6385854657063,0.658227848101266,0.835822784810126,0.341772151898734,12540,91.1672087140569,1680,1.1947604715987,59041.8181818182
"291",1,58702,62.034280136178,0.70253164556962,0.806075949367088,0.29746835443038,12860,75.6756756756756,1520,1.17360654364373,59127.2727272727
"292",1,59008,69.2930786330507,0.968354430379747,0.84957805907173,0.0316455696202532,14360,90.68727918643,3060,1.25765820922896,59337.8181818182
"293",1,59428,76.1649156524249,1,0.932911392405063,0,15500,149.263484629836,4200,1.46260377637664,59700
"294",-1,59630,62.5267730088684,0.528301886792453,0.885741581084308,0.471698113207547,14500,110.747293372062,2020,1.47008786266905,59804
"295",1,59786,66.2833336886494,0.792452830188679,0.864986864103176,0.207547169811321,15060,111.560226354082,1560,1.53399598012547,59973.0909090909
"296",-1,59598,41.3067373519,0,0.764986864103176,1,12020,-0.960479109579778,-1880,1.15717197965579,59561.0909090909
"297",1,59658,56.2499263228862,0.71264367816092,0.736251231919268,0.28735632183908,14500,76.8123181804825,600,1.18314573260536,59634.1818181818
"299",-1,59682,56.1077029996954,0.706896551724138,0.678205254907774,0.293103448275862,14480,65.1761517615176,20,1.17819285028575,59750.9090909091
"300",-1,59780,55.177622395056,0.672413793103448,0.679623849407992,0.327586206896552,14360,51.6227958088418,980,1.13949156864852,59783.2727272727
"302",1,59968,61.9298854929286,0.971264367816092,0.67690305790501,0.028735632183908,15460,94.1358701211402,1040,1.18847072421604,59986.1818181818
"303",1,59964,62.294001950053,1,0.67690305790501,0,15520,127.101879327398,-40,1.25459161972823,60166.5454545455
"304",-1,60014,57.6010051392383,0.866279069767442,0.710700776202509,0.133720930232558,15060,45.8100991325878,500,1.23036922456699,60264
"307",-1,60306,51.7841828138111,0.127272727272727,0.717728123253384,0.872727272727273,14100,51.625896453482,0,1.04654865615619,60386.1818181818
"308",1,60406,60.6212000134791,1,0.746463755437292,0,15400,79.7516714422134,1000,1.0804004671976,60512.3636363636
"309",1,60556,64.1277020430318,1,0.775774100264878,0,15880,159.759144193195,1500,1.15766341665122,60707.6363636364
"310",1,60720,64.2749774993256,1,0.808532720954533,0,15980,163.644214162345,1640,1.20702515103142,60879.2727272727
"311",1,60934,67.9320976621232,1,0.841291341644189,0,16480,261.904761904757,2140,1.29709831134688,61112
"314",1,61338,71.1707378806363,1,0.857536997885835,0,16880,64.5528597705175,1900,1.43621737132908,61707.2727272727
"315",1,61588,75.3242154692552,1,0.870909090909091,0,17480,70.9463185821185,2500,1.54167694627321,62009.4545454545
"316",-1,61836,74.9244199065567,0.993333333333333,0.912060606060606,0.00666666666666667,17460,70.2881704701453,2480,1.60304192799234,62262.5454545455
"319",1,62484,75.105669182697,1,0.997017543859649,0,17480,62.564597257631,1520,1.6215005557257,62745.8181818182
"320",-1,62534,53.5871123381142,0,0.897017543859649,1,16480,43.3816624292812,500,1.46355808075394,62657.8181818182
"322",1,62634,65.7144717368213,1,0.797017543859649,0,17880,48.7643719899633,1000,1.32638804984728,62645.4545454545
"323",-1,62732,65.3351028381358,0.98,0.795017543859649,0.02,17860,43.8621928822019,980,1.31088456370791,62708.3636363636
"325",-1,62736,55.1208830581193,0.46,0.739017543859649,0.54,17340,37.1061711635272,-540,1.18089743082246,62693.4545454545
"326",-1,62546,37.7284369627087,0,0.639684210526316,1,15960,18.1460101100002,-1900,0.910467840058504,62392.3636363636
"327",1,62478,52.4624106267262,0.635416666666667,0.604225877192983,0.364583333333333,17220,30.6647603416718,-680,0.844539823604396,62347.6363636364
"328",-1,62380,49.276807971906,0.479166666666667,0.553458333333334,0.520833333333333,16740,28.8640753191319,-980,0.74480034878821,62260.7272727273
"329",1,62298,51.2502505371688,0.572916666666667,0.51075,0.427083333333333,17920,27.5585344509816,-820,0.681272150148171,62224.3636363636
"330",1,62398,59.2710856268765,1,0.61075,0,18740,43.2548745305251,1000,0.728802544413343,62352
"331",1,62668,70.4649019363157,1,0.71075,0,20460,64.4600524316215,2700,0.974314766139717,62770.5454545455
"332",1,62846,70.8833250586379,1,0.71075,0,21240,238.663857020208,1780,1.16403594809917,63154.5454545455
"333",1,63028,70.9974579509427,1,0.71275,0,21260,220.905349794234,1820,1.30054131659927,63509.8181818182
"334",-1,62954,45.5845569954742,0.311827956989247,0.645932795698925,0.688172043010753,18700,-38.6758439855814,-740,1.06888309602826,63366.5454545455
"335",-1,62862,41.1134883589513,0.123655913978495,0.612298387096775,0.876344086021505,18000,-76.1922857685747,-920,0.786384299513232,63109.4545454545
"336",1,62954,45.0488755205985,0.141104294478528,0.626408816544627,0.858895705521472,18460,-62.6306785782188,920,0.614263390826997,62952.7272727273
"337",-1,62922,44.9039031024448,0.134969325153374,0.576364082393298,0.865030674846626,18440,-46.7561731292864,-320,0.469777361178636,62775.6363636364
"338",-1,62826,38.4432442709977,0,0.528447415726631,1,17500,-97.6394198677121,-960,0.231077410044689,62433.4545454545
"339",-1,62508,28.5412019412786,0,0.471155749059965,1,15460,-235.474137314628,-3180,-0.221432833121182,61737.8181818182
"341",-1,61528,28.103131175833,0,0.271155749059965,1,14960,-187.375702550803,-5800,-0.862875616869052,60516.7272727273
"342",-1,60936,27.9127203399838,0,0.171155749059965,1,14920,-167.773199023205,-5920,-1.08478958022786,60031.6363636364
"343",1,60346,28.4513569166594,0.0118343195266272,0.0723391810126273,0.988165680473373,14980,-134.581841549622,-5900,-1.24258420259065,59661.4545454545
"344",-1,59972,26.2703337197104,0,0.0411563853137026,1,14180,-120.265580202207,-3740,-1.4062348376946,59325.8181818182
"345",1,59698,30.6974915904449,0.0857142857142857,0.0373622224872817,0.914285714285714,14480,-102.74965838423,-2740,-1.47994081930706,59112.7272727273
"347",1,59090,35.480372561021,0.236220472440945,0.0419975974233584,0.763779527559055,15080,-2.21749010933471,-2880,-1.49754164214398,58898.9090909091
"348",-1,58886,34.5960645620225,0.833333333333333,0.125330930756692,0.166666666666667,14880,2.45411865130087,-2040,-1.47528286304732,58882.5454545455
"349",1,58934,42.2699614186144,1,0.225330930756692,0,15360,9.34261354934161,480,-1.37706595740641,58990.5454545455
"350",1,58984,42.5818557469456,1,0.325330930756692,0,15380,15.7004830917868,500,-1.28178481078215,59093.4545454545
"351",-1,59042,42.3277652281943,0.98,0.423330930756692,0.02,15300,19.4215929832398,580,-1.19523175650873,59183.6363636364
"354",-1,59258,41.9841113005258,0.942857142857143,0.712433213089744,0.0571428571428571,15280,30.8090660181771,960,-0.968355801170062,59385.8181818182
"355",-1,59238,30.2500565713482,0,0.703861784518315,1,14400,23.3861644056134,-200,-1.01860829842284,59266.1818181818
"356",1,59258,39.0531168550622,0.444444444444444,0.739685539307587,0.555555555555556,14820,25.5359163103682,200,-0.99297416730697,59222.9090909091
"357",1,59296,47.8318870472825,0.977777777777778,0.81384126984127,0.0222222222222222,15700,33.8893067291948,380,-0.897161645626932,59263.2727272727
"358",-1,59336,46.5891668294705,0.888888888888889,0.819396825396826,0.111111111111111,15620,36.1276506378683,400,-0.822602540198825,59282.1818181818
"359",-1,59276,39.2283396233615,0.311111111111111,0.750507936507937,0.688888888888889,15100,33.4925680595261,-600,-0.824702607628491,59199.2727272727
"360",-1,59168,33.9552979537004,0,0.650507936507937,1,14640,25.7647522312366,-1080,-0.879049182631686,59043.6363636364
"361",-1,59060,33.7362256755907,0,0.552507936507937,1,14620,23.5344344531308,-1080,-0.914643030276607,58904
"362",1,58972,38.16869541299,0.185185185185185,0.473026455026455,0.814814814814815,14820,29.5630772880247,-880,-0.905335928140893,58820.3636363636
"363",-1,58874,36.8010991820305,0.0925925925925926,0.384285714285715,0.907407407407407,14320,28.6058362550198,-980,-0.901388846839724,58734.5454545455
"365",-1,58738,32.4895748344348,0,0.29925925925926,1,13540,25.5745667554379,-400,-0.908496862559127,58561.4545454545
"366",-1,58636,29.6583405018146,0,0.254814814814815,1,13320,-173.60850531583,-1020,-0.94419957006624,58423.6363636364
"367",1,58502,34.2858316471704,0.112676056338028,0.16830464267084,0.887323943661972,13480,-131.97969543148,-1340,-0.939911351982869,58333.4545454545
"368",1,58456,51.8745823334161,1,0.179415753781951,0,14440,-44.2409103524909,-460,-0.817060296207861,58413.0909090909
"370",-1,58470,43.8967327411995,0.541666666666667,0.302471309337507,0.458333333333333,14000,29.7812102424423,80,-0.680444018739812,58508
"371",1,58518,51.1115583186631,0.9375,0.396221309337507,0.0625,14380,34.7919151696693,480,-0.596734837070578,58582.5454545455
"372",1,58556,52.8832451113828,1,0.477702790818988,0,14840,36.7255220535649,380,-0.510759124224913,58666.5454545455
"373",-1,58556,44.3176721023096,0.52,0.520443531559729,0.48,14360,31.5691736304546,0,-0.50275899171679,58656.3636363636
"374",1,58566,46.3299438368289,0.62,0.57318427230047,0.38,14460,34.6395115924816,100,-0.477203924893532,58664.3636363636
"376",1,58708,54.4575175267319,1,0.73518427230047,0,15460,37.4095122437166,1020,-0.372319231130858,58742.1818181818
"378",-1,58750,44.1417141789559,0,0.723916666666667,1,14960,36.2946637787993,-440,-0.318156011416415,58741.8181818182
"381",1,58670,44.7163260245813,0.04,0.48,0.96,14980,37.1531538378712,-360,-0.319715947760668,58625.0909090909
"382",-1,58622,44.2109963941982,0,0.38,1,14940,36.5724241704283,-480,-0.314447293563003,58594.1818181818
"383",-1,58602,39.2789615286532,0,0.328,1,14740,34.8571863233559,-200,-0.333977860293,58535.6363636364
"384",1,58612,51.3415740451382,0.571428571428571,0.323142857142857,0.428571428571429,15440,36.2834859274329,100,-0.291039571098295,58553.4545454545
"386",1,58642,62.7586038545943,1,0.318285714285715,0,16640,39.0313390313389,200,-0.154236193117119,58674.5454545455
"387",-1,58602,47.8033930444903,0.333333333333333,0.251619047619048,0.666666666666667,16040,35.0892181898152,-400,-0.155821280023016,58666.9090909091
"390",-1,58598,40.3324705724923,0,0.318285714285715,1,15300,32.6038784481415,-240,-0.195924528653646,58598.5454545455
"391",1,58580,42.6747050243384,0.0851063829787234,0.322796352583587,0.914893617021277,15540,30.9561903392235,-180,-0.216391304234642,58551.6363636364
"392",1,58588,49.3077456777959,0.340425531914894,0.356838905775076,0.659574468085106,15780,35.5041645312016,80,-0.197290166983666,58551.6363636364
"393",1,58618,49.8450941579842,0.361702127659574,0.393009118541034,0.638297872340426,16260,33.04318634151,300,-0.177352341610804,58553.8181818182
"394",1,58698,67.2192394664293,1,0.435866261398177,0,17160,46.1600206060823,800,-0.0372874948751378,58714.1818181818
"395",1,58792,69.0710567311062,1,0.478723404255319,0,17500,266.488148368524,940,0.0916398857869982,58885.4545454545
"396",-1,58822,64.991675199713,0.898550724637681,0.468578476719088,0.101449275362319,17360,183.389342294759,300,0.172427939313069,59014.1818181818
"397",-1,58846,49.636014207904,0.420289855072464,0.477274128893001,0.579710144927536,16700,50.6706408345684,240,0.144361866359,59017.4545454545
"398",1,58886,52.6494983238605,0.536231884057971,0.497563983965464,0.463768115942029,16860,110.000374405623,400,0.142386959213248,59045.4545454545
"399",1,58996,63.3186458779263,1,0.564230650632131,0,17560,166.314034750265,1100,0.233858940067599,59193.4545454545
"400",1,59216,71.1583302648605,1,0.664230650632131,0,18320,223.731604404645,2200,0.405085508141978,59459.6363636364
"401",-1,59382,62.2158860445228,0.75531914893617,0.731251927227876,0.24468085106383,17860,162.135943735251,1660,0.472248215227555,59602.1818181818
"403",1,59720,68.2186121290246,1,0.83630797847473,0,18420,158.529267361296,1960,0.625048838225806,59902.9090909091
"404",-1,59770,57.9833278064445,0.674418604651163,0.803749838939846,0.325581395348837,17780,108.852802514403,500,0.625563385192041,59953.8181818182
"405",1,59858,63.6156159622608,0.976744186046512,0.801424257544497,0.0232558139534884,18300,139.293812763196,880,0.688173193243213,60090.1818181818
"406",1,60008,68.0133357123767,1,0.811569185080729,0,18780,154.927919976461,1500,0.792989280337308,60297.8181818182
"407",1,60324,75.0062750690544,1,0.869540199573483,0,19780,181.584134518683,3160,0.998063571286845,60660
"408",1,60664,77.219713626582,1,0.915917011167686,0,21180,162.864851606571,3400,1.19870426934765,61037.4545454545
"409",1,60950,78.0823885817487,1,0.915917011167686,0,21340,180.664652567973,2860,1.36168615812156,61382.1818181818
"410",1,61280,83.339938131942,1,0.915917011167686,0,22540,193.134227982756,3300,1.62884330900861,61893.0909090909
"411",1,61712,85.1829048512463,1,0.940385096274069,0,24260,181.519410248027,4320,1.88922268152236,62445.8181818182
"412",-1,62090,76.1565692310586,0.875,0.952616279069768,0.125,23720,141.422271408686,3780,1.99925201622551,62821.8181818182
"413",-1,62256,56.8276670592324,0.513888888888889,0.904005167958657,0.486111111111111,22160,67.7088569417893,1660,1.86096094584165,62845.4545454545
"414",1,62486,57.4431166829012,0.468421052631579,0.883405412756698,0.531578947368421,22400,58.3366976180844,2300,1.74162419227737,62853.4545454545
"415",1,62734,62.6233876029551,0.602409638554217,0.845971958007469,0.397590361445783,23100,79.8248233303461,2480,1.71800669705195,62946.9090909091
"417",-1,62984,56.5528885413091,0.133333333333333,0.702408739616664,0.866666666666667,22600,55.9984513313252,500,1.56589802695115,62916.3636363636
"422",-1,62502,48.5781529901788,0,0.272857457565382,1,21620,-17.9921265735662,-1780,1.02970883207312,62460.3636363636
"424",1,62550,61.8583825210415,1,0.274626463413336,0,23320,-2.18147393550667,700,0.921877559265827,62463.6363636364
"425",-1,62548,61.5053956018509,0.98,0.312385499557914,0.02,23300,60.0331674958483,-20,0.923204387278864,62541.8181818182
"426",1,62548,61.7479295238647,1,0.369282051282052,0,23320,54.5846817691424,0,0.91610813293308,62624
"427",-1,62558,54.1643591034221,0.6,0.415948717948719,0.4,22920,-20.8351469777483,100,0.848986743411873,62633.4545454545
"428",1,62596,58.1609413879407,0.88,0.490615384615385,0.12,26380,-151.71782998914,380,0.822407404607528,62692
"429",1,62636,58.4484837143539,0.9,0.567282051282052,0.1,26660,19.263264616418,400,0.794691422726701,62747.2727272727
"430",-1,62672,57.5692627560802,0.86,0.639948717948719,0.14,26620,22.6573082132673,360,0.758771186047569,62788
"431",-1,62704,56.622864117936,0.82,0.704000000000001,0.18,26580,26.2288090414712,320,0.716855165427055,62814.9090909091
"432",-1,62766,51.884298659591,0.62,0.766000000000001,0.38,26300,34.7658136166057,620,0.650376100916428,62799.6363636364
"434",-1,62788,51.3537294767072,0,0.671000000000001,1,26280,-1.87793427231009,-400,0.535000727671786,62731.6363636364
"435",-1,62730,46.1141355183059,0,0.573000000000001,1,26080,-34.4664778092669,-580,0.459650455223648,62661.0909090909
"436",-1,62552,27.6321194482483,0,0.473000000000001,1,24900,-282.400060454948,-1780,0.244759392482097,62386.5454545455
"437",1,62422,29.7529635674052,0.0476190476190476,0.417761904761905,0.952380952380952,24980,-159.392547217983,-1300,0.0834694312567441,62158.9090909091
"438",-1,62254,28.5892833064274,0,0.329761904761905,1,23800,-131.79571663922,-1680,-0.0569628755344054,61936.7272727273
"440",1,61930,32.5004007630266,0.0740740740740741,0.161169312169313,0.925925925925926,23920,17.8695999151719,-1540,-0.235328460785511,61606.1818181818
"441",1,61848,49.8086014237815,0.563380281690141,0.135507340338327,0.436619718309859,24600,30.3959516747931,-820,-0.19888493600807,61618.9090909091
"442",-1,61698,36.3909756160162,0,0.0735073403383269,1,23340,23.1446161241008,-1500,-0.281589741476052,61486.5454545455
"443",1,61626,49.7281933894313,0.527027027027027,0.12121004304103,0.472972972972973,24420,23.5438861393056,-720,-0.242557280922773,61523.2727272727
"444",1,61574,52.2930525912748,0.75,0.19621004304103,0.25,25640,26.4436532992988,-520,-0.185984614720924,61605.8181818182
"446",-1,61484,34.7716383079724,0,0.29621004304103,1,24200,27.8715160604922,-580,-0.287479573730098,61533.8181818182
"447",1,61562,52.4675473935929,1,0.391448138279125,0,25780,33.2525783487243,780,-0.214159243664236,61642.1818181818
"448",-1,61542,42.7930501658542,0.25,0.416448138279125,0.75,24700,27.2834687958751,-200,-0.293887662739178,61540
"450",-1,61394,35.5912186324106,0,0.434040730871717,1,23740,25.0644389832593,-1280,-0.520458491656639,61172
"451",1,61204,36.3352754282568,0.0294117647058824,0.380643879173292,0.970588235294118,23800,25.7040154621483,-1900,-0.638425588442026,60936.7272727273
"452",1,61172,44.6273067367778,0.372549019607843,0.417898781134076,0.627450980392157,24500,29.1666666666664,-320,-0.632581556854384,60863.2727272727
"454",-1,60854,37.6993811009082,0,0.327450980392158,1,23700,32.8086093210647,-2080,-0.709334671431272,60602.5454545455
"455",1,60746,48.7495250893091,0.480769230769231,0.275527903469081,0.519230769230769,24900,35.8976007543853,-1080,-0.639849901453327,60629.0909090909
"456",-1,60674,40.1944648324367,0,0.275527903469081,1,23820,32.1754674138846,-720,-0.719688083706149,60478.9090909091
"457",-1,60428,38.129246839202,0,0.175527903469081,1,23520,31.3683188376777,-2460,-0.813865911532508,60287.2727272727
"458",1,60328,42.3016196284361,0.27536231884058,0.178064135353139,0.72463768115942,23900,33.8128595907409,-1000,-0.828738208426127,60209.4545454545
"459",1,60230,42.528269701745,0.289855072463768,0.182049642599515,0.710144927536232,23920,29.9689131866279,-980,-0.828477080863921,60153.4545454545
"460",1,60234,43.2710759248182,0.333333333333333,0.215382975932849,0.666666666666667,23980,30.9523152110886,40,-0.811033779231163,60126.1818181818
"461",1,60274,48.4528822658552,0.63768115942029,0.27620991540429,0.36231884057971,24400,34.6044806868007,400,-0.732721410080373,60174.5454545455
"462",-1,60118,37.1435136276655,0,0.238955013443505,1,23140,28.7951658650881,-1560,-0.829591916178862,59986.5454545455
"463",1,60036,45.4519058499605,0.420454545454545,0.243745566028175,0.579545454545455,23900,30.5738941225921,-820,-0.798394944411762,59961.4545454545
"464",-1,59958,39.4946706197822,0,0.243745566028175,1,23140,27.8684813584758,-780,-0.865747089895319,59813.0909090909
"465",-1,59770,38.7521100172049,0,0.195668642951252,1,22760,17.6972506057089,-1880,-0.922338598658068,59660.7272727273
"466",1,59728,43.2566405860773,0.27536231884058,0.22320487483531,0.72463768115942,23140,22.1796067254287,-420,-0.905872245714867,59611.6363636364
"467",1,59928,61.0251954526577,1,0.32320487483531,0,25260,51.6115781288966,2000,-0.600771289173285,59955.6363636364
"469",1,60286,63.4261781467597,1,0.466683135704875,0,27720,52.7923902015632,1960,-0.112267298428603,60606.9090909091
"470",-1,60474,63.1859022203809,0.993006993006993,0.532650501672241,0.00699300699300699,27700,58.9027460624157,1880,0.0763154612632766,60911.2727272727
"471",-1,60536,53.6936099486445,0.699300699300699,0.538812455660282,0.300699300699301,26860,54.1488699251877,620,0.112708941212536,61028.7272727273
"472",1,60806,60.1818132140182,0.986013986013986,0.637413854261681,0.013986013986014,27680,63.0043043700298,2700,0.247237565193714,61284
"473",-1,61000,59.9541585942578,0.979020979020979,0.693270497618324,0.020979020979021,27640,134.781048097626,1940,0.346878475670498,61486.5454545455
"474",-1,61256,58.2406244881758,0.93006993006993,0.786277490625317,0.0699300699300699,27500,95.2856627542347,2560,0.40250579719836,61628.3636363636
"475",-1,61468,51.8852575264574,0.701612903225806,0.856438780947898,0.298387096774194,26960,69.6376269093837,2120,0.371061077351387,61625.4545454545
"476",-1,61518,40.5854633429157,0,0.82890254906384,1,25720,-11.8253936185999,500,0.180412565462351,61358.5454545455
"477",-1,61346,39.8086094093574,0,0.72890254906384,1,25600,-52.1293418397973,-1720,0.0155576610252339,61064.3636363636
"478",1,61274,50.3649784832701,0.480769230769231,0.676979472140763,0.519230769230769,26700,-5.39356143603756,-720,0.0170928727791786,60983.2727272727
"479",-1,61164,50.1694513527772,0.475728155339806,0.624552287674744,0.524271844660194,26680,3.77139541630234,-1100,0.015480214424346,60911.6363636364
"480",1,61098,54.308412997865,0.686274509803922,0.593879039354437,0.313725490196078,27540,32.4786324786301,-660,0.0690443562839205,60936.3636363636
"481",-1,61086,50.9497440830159,0.53921568627451,0.577870538051818,0.46078431372549,27240,4.35533528572263,-120,0.0709280778822485,60918.5454545455
"482",1,61084,59.4870040551078,1,0.579269139450419,0,28160,77.4762236140089,-20,0.191853356061156,61070.1818181818
"483",-1,61002,50.7408266398986,0.594059405940594,0.54077298214238,0.405940594059406,27320,49.1045069868118,-820,0.177193800727204,61073.0909090909
"484",1,61022,58.0885843373556,1,0.547765989135387,0,28200,103.584502192743,200,0.278467740317212,61250.9090909091
"486",-1,61126,42.9786631194121,0.192307692307692,0.596835468043576,0.807692307692308,26520,-53.5170413343024,300,0.191097021529285,61280.3636363636
"487",-1,61156,42.251779929516,0,0.596835468043576,1,26420,-127.728944991519,300,0.0476721346704734,61112
